{
  "version": 1,
  "author": "Isalu",
  "editor": "wokwi",
  "parts": [
    {
      "type": "wokwi-esp32-devkit-v1",
      "id": "esp",
      "top": -15.1,
      "left": -25.8,
      "rotate": 90,
      "attrs": { "env": "micropython-20230426-v1.20.0" }
    },
    {
      "type": "wokwi-hc-sr04",
      "id": "ultrasonic1",
      "top": -94.5,
      "left": -80.9,
      "attrs": { "distance": "67" }
    }
  ],
  "connections": [
    [ "esp:TX0", "$serialMonitor:RX", "", [] ],
    [ "esp:RX0", "$serialMonitor:TX", "", [] ],
    [ "esp:D5", "ultrasonic1:TRIG", "green", [ "v31.08", "h-119.8", "v-144", "h76.8" ] ],
    [ "esp:D18", "ultrasonic1:ECHO", "green", [ "v21.48", "h-139", "v-124.8", "h96" ] ],
    [ "ultrasonic1:VCC", "esp:3V3", "red", [ "v9.6", "h-86.4", "v134.4", "h76.8" ] ],
    [ "ultrasonic1:GND", "esp:GND.2", "black", [ "v48", "h-30" ] ]
  ],
  "dependencies": {}
}



