{
  "version": 1,
  "author": "Isalu",
  "editor": "wokwi",
  "parts": [
    {
      "type": "wokwi-esp32-devkit-v1",
      "id": "esp",
      "top": -15.1,
      "left": -25.8,
      "rotate": 90,
      "attrs": { "env": "micropython-20230426-v1.20.0" }
    },
    {
      "type": "wokwi-photoresistor-sensor",
      "id": "ldr1",
      "top": -83.2,
      "left": -143.2,
      "attrs": {}
    }
  ],
  "connections": [
    [ "esp:TX0", "$serialMonitor:RX", "", [] ],
    [ "esp:RX0", "$serialMonitor:TX", "", [] ],
    [ "ldr1:VCC", "esp:3V3", "red", [ "h38.4", "v76.8", "h-153.6", "v144", "h57.6" ] ],
    [ "ldr1:GND", "esp:GND.2", "black", [ "h28.8", "v76.4", "h-76.8" ] ],
    [ "ldr1:DO", "esp:D4", "green", [ "h115.2", "v210.6", "h-124.8" ] ]
  ],
  "dependencies": {}
}